Title,Series,Volume,Author,Language,Fiction/Non,Genre,Pgs,Publication_date,year_read
21,0,0,Jeremy Iversen,English,Fiction,Young Adult,261,2011,0
", Said the Shotgun to the Head",0,0,Saul Williams,English,Non-Fiction,Poetry,182,2003,0
13 Little Blue Envelopes,0,0,Maureen Johnson,English,Fiction,Young Adult,320,0,0
A Bite To Remember,Argeneu Novel,0,Lynsay Sands,English,Fiction,Paranormal Romance,362,0,0
A Clash of Kings,A Song of Ice and Fire,2,George R. R. Martin,English,Fiction,Fantasy,824,0,2012
A Dance With Dragons,A Song of Ice and Fire,5,George R. R. Martin,English,Fiction,Fantasy,1125,0,2013
A Density of Souls,0,0,Christopher Rice,English,Fiction,Mystery,274,0,0
A Dirty Job,0,0,Christopher Moore,English,Fiction,Fantasy,384,0,2016
A Feast for Crows,A Song of Ice and Fire,4,George R. R. Martin,English,Fiction,Fantasy,759,0,2012
A Fistful Of Charms,The Hollows,4,Kim Harrison,English,Fiction,Fantasy,510,0,2016
A Game of Thrones,A Song of Ice and Fire,1,George R. R. Martin,English,Fiction,Fantasy,753,0,0
A Long Way Down,0,0,Nick Hornby,English,Fiction,Contemporary,333,0,0
A Mango-Shaped Space,0,0,Wendy Mass,English,Fiction,Young Adult,218,0,0
A Midsummer's Night Dream,0,0,William Shakespeare,English,Fiction,Classic,240,0,2016
A Moveable Feast,0,0,Ernest Hemingway,English,Non-Fiction,Memoir,225,1964,2011
A Perfect Blood ,The Hollows,10,Kim Harrison,English,Fiction,Fantasy,438,0,2016
A Piece Of Cake,0,0,Cupcake Brown,English,Fiction,Autobiography,465,2007,0
A Really Nice Prom Mess,0,0,Brian Sloan,English,Fiction,Young Adult,266,0,0
A Red Herring Without Mustard,Flavia de Luce Mystery,3,Alan Bradley,English,Fiction,Mystery,391,2011,2011
A Reliable Wife,0,0,Robert Goolrick,English,Fiction,Mystery,291,0,0
A Slip of the Keyboard,0,0,Terry Pratchett,English,Non-Fiction,Essays,323,0,2015
A Storm of Swords,A Song of Ice and Fire,3,George R. R. Martin,English,Fiction,Fiction ,1068,0,2012
A Streetcar Named Desire,0,0,Tennessee Williams,English,Fiction,Drama,179,1951,0
A Study in Scarlet,Sherlock Holmes,0,Sir Arthur Conan Doyle,English,Fiction,Mystery,123,0,2013
A Wizard Abroad,Young Wizards,4,Diane Duane,English,Fiction,Young Adult,332,0,0
A Wizard Alone,Young Wizards,6,Diane Duane,English,Fiction,Young Adult,320,0,0
Acceptance,Southern Reach Trilogy,3,Jeff Vandermeer,English,Fiction,Science Fiction,341,0,2014
Acerca de Roderer,0,0,Guillermo Martínez,Spanish,Fiction,Mystery,136,0,0
Acheron,Dark Hunter,15,Sherrilyn Kenyon,English,Fiction,Romance,722,0,0
Ácido Sulfúrico ,0,0, Amelie Nothomb,Spanish,Fiction,Science Fiction,168,0,2015
After Summer,Summer Boys,3,Hailey Abbott,English,Fiction,Fiction,163,2006,0
Agent Out,Fearless FBI,3,Francine Pascal,English,Fiction,Fiction,239,0,0
Agents Of Light and Darkness,Nightside,2,Simon R. Green,English,Fiction,Fantasy,233,0,0
Ain't Myth-Behaving,0,0,Katie MacAlister,English,Fiction,Paranormal Romance,353,0,0
Ajuar Funerario,0,0, Fernando Iwasaki,Spanish,Fiction,Short stories,121,0,2011
Alice I Have Been,0,0, Melanie Benjamin,English,Fiction,Biographical Fiction,345,0,2011
Alice In Wonderland,0,0,Lewis Carroll,English,Fiction,Fantasy,172,0,0
All I Want Is Everything,Gossip Girl,3,Cecily von Ziegesar,English,Fiction,Young Adult,213,0,0
"All Q, No A: More Tales of a 10th Grade Social Climber",0,0,Lauren Mechling,English,Fiction,Young Adult,277,0,0
All Together Dead,Sookie Stackhouse novel,7,Charlaine Harris,English,Fiction,Paranormal Romance,323,0,0
Allegiant,Divergent,3,Veronica Roth,English,Fiction,Young Adult,526,0,2014
Allies of the Night,Cirque Du Freak,8,Darren Shan,English,Fiction,Young Adult,215,0,0
Almost A Goddess,0,0,Judy McCoy,English,Fiction,Paranormal Romance,372,0,0
Alphabet Weekends,0,0,Elizabeth Noble,English,Fiction,Romance,425,0,0
American On Purpose,0,0,Craig Ferguson,English,Non-Fiction,Memoir,268,0,0
Amnesia Moon,0,0,Jonathan Lethem,English,Fiction,Science Fiction,256,0,2015
Anansi Boys ,0,0, Neil Gaiman,English,Fiction,Fantasy,336,0,2016
Anastasia,The Royal Diaries,0,Carolyn Meyer,English,Fiction,Biography,179,0,0
And Then There Were None,0,0,Agatha Christie,English,Fiction,Mystery,275,0,0
Angeles y Demonios,0,0,Dan Brown,Spanish,Fiction,Fiction,606,2000,0
"Angus, Thongs & Full Frontal Snogging                 ",Georgia Nicolson,1,Louise Renninson,English,Fiction,Young Adult,234,0,0
Annihilation,Southern Reach Trilogy,1,Jeff Vandermeer,English,Fiction,Science Fiction,195,0,2014
Antígona,0,0, José Watanabe ,Spanish,Fiction,Historical Fiction,50,0,2012
Antígona,0,0, Sofocles ,Spanish,Fiction,Classic,80,0,2012
Aristotle and Dante Discover the Secrets of the Universe ,0,0, Benjamin Alire Saenz,English,Fiction,Young Adult,359,0,2016
Attachments ,0,0, Rainbow Rowell,English,Fiction,Contemporary,323,0,2015
August: Osage County ,0,0, Tracy Letts,English,Fiction,Drama,153,0,2016
Aura,0,0,Carlos Fuentes,Spanish,Fiction,Classic,62,0,0
Authority,Southern Reach Trilogy,2,Jeff Vandermeer,English,Fiction,Science Fiction,341,0,2014
Away Laughing On A Fast Camel,Georgia Nicolson,5,Louise Renninson,English,Fiction,Young Adult,266,0,0
Back to the Divide,Divide,2,Elizabeth Kay,English,Fiction,Young Adult,384,0,0
Backwater,0,0,Joan Bauer,English,Fiction,Young Adult,185,1999,0
Bad Boys In Kilts,0,0,Donna Kauffman,English,Fiction,Romance,306,0,0
Bad Girl Confessions of a teenage delinquent,0,0,Abigail Vona,English,Non-Fiction,Biography,267,0,0
Bad Monkeys,0,0,Matt Ruff,English,Fiction,Science Fiction,227,0,0
Bad Things Happen,0,0,Harry Dolan,English,Fiction,Mystery,338,0,2011
Barbarian,Sons of the Dark,1,Lynne Ewing,English,Fiction,Paranormal Romance,264,0,0
Battle Royale,0,0,Koushun Takami,English,Fiction,Horror,384,0,2012
Be Mine Tonight,0,0,Kathryn Smith,English,Fiction,Paranormal Romance,370,0,0
Beauty's Punishment,Sleeping Beauty,2,A.N. Roquelaure,English,Fiction,Erotica,233,1984,0
Beauty's Release,Sleeping Beauty,3,A.N. Roquelaure,English,Fiction,Erotica,238,1985,0
Because I'm Worth It,Gossip Girl,4,Cecily von Ziegesar,English,Fiction,Young Adult,232,0,0
Bergdorf Blondes,0,0,Plum Sykes,English,Fiction,Chick Lit,310,0,0
Best Foot Forward,0,0,Joan Bauer,English,Fiction,Young Adult,183,2005,0
Big Boned,Heather Wells,3,Meg Cabot,English,Fiction,Chick Lit,280,0,0
Bird Box,0,0,Josh Malerman,English,Fiction,Horror,262,0,2014
Bite Me If You Can,Argeneu Novel,0,Lynsay Sands,English,Fiction,Paranormal Romance,356,0,0
Bitten & Smitten,0,0,Michelle Rowen,English,Fiction,Paranormal Romance,369,0,0
Black House,0,0,Stephen King,English,Fiction,Horror,624,0,0
Black Magic Sanction,The Hollows,8,Kim Harrison,English,Fiction,Fantasy,487,0,2016
Blankets,0,0,Craig Thompson,English,Non-Fiction,Graphic Novel,582,0,2012
Blood Bound,Mercy Thompson,2,Patricia Briggs,English,Fiction,Fantasy,292,2007,0
Bloodlust,Vampire Beach,1,Alex Duval,English,Fiction,Young Adult,196,0,0
Bloodsucking Fiends,A Love Story,1,Christopher Moore,English,Fiction,Fantasy,290,0,0
Blow Me Down,0,0,Katie MacAlister,English,Fiction,Romance,359,0,0
Boink: College Sex By the People Having It,0,0,Alecia Oleyourryk,English,Non-Fiction,Sexuality,261,0,0
Bone Crossed,Mercy Thompson,4,Patricia Briggs,English,Fiction,Fantasy,287,2009,2011
Boy Proof,0,0,Cecil Castellucci,English,Fiction,Young Adult,203,0,0
Bras and Broomsticks,Rachel & Miri,1,Sarah Mlynowski,English,Fiction,Young Adult,310,0,0
Break Every Rule,Insiders,4,J. Minter,English,Fiction,Young Adult,247,0,0
Breaking Dawn,Twilight,4,Stephenie Meyer,English,Fiction,Young Adult,754,0,0
Caparazones,0,0,Yolanda Arroyo,Spanish,Fiction,LGBT,172,0,2011
Carnal Machines,0,0,D.L.King,English,Fiction,Erotica,198,0,2011
Catching Fire,Hunger Games,2,Suzanne Collins,English,Fiction,Young Adult,391,0,2011
Cell,0,0,Stephen King,English,Fiction,Science Fiction,449,0,0
Chicken Soup for the Kid's Soul,0,0,Various Authors,English,Non-Fiction,Self Help,366,0,0
Chicken Soup for the Teenage Soul I,0,0,Various Authors,English,Non-Fiction,Self Help,334,0,0
Chicken Soup for the Teenage Soul II,0,0,Various Authors,English,Non-Fiction,Self Help,234,0,0
Chicken Soup for the Teenage Soul III,0,0,Various Authors,English,Non-Fiction,Self Help,343,0,0
Chicken Soup for the Teenage Soul on Tough Stuff,0,0,Various Authors,English,Non-Fiction,Self Help,325,0,0
Child of God ,0,0, Cormac McCarthy,English,Fiction,Horror,186,0,2016
China Rich Girlfriend ,Crazy Rich Asians,2, Kevin Kwan,English,Fiction,Contemporary,496,0,2018
Cirque Du Freak: A living nightmare,Cirque Du Freak,1,Darren Shan,English,Fiction,Young Adult,257,0,0
Club Dead,Sookie Stackhouse novel,3,Charlaine Harris,English,Fiction,Paranormal Romance,292,0,0
Cocktails For Three,0,0,Madeleine Wickham,English,Fiction,Chick Lit,301,0,0
Codex,0,0,Lev Grossman,English,Fiction,Mystery,348,0,0
Confessions of a Backup Dancer,0,0,Tucker Shaw,English,Non-Fiction,Biography,265,0,0
Confessions of a Boyfriend Stealer,0,0,Robynn Clairday,English,Fiction,Young Adult,228,0,0
Coyote Blue,0,0,Christopher Moore,English,Fiction,Fantasy,294,0,0
Crazy Rich Asians ,Crazy Rich Asians,1, Kevin Kwan,English,Fiction,Contemporary,544,0,2018
Crónica de una muerte anunciada,0,0,Gabriel García Márquez,Spanish,Fiction,Classic,118,0,0
Cross My Heart,0,0,Carly Phillips,English,Fiction,Chick Lit,312,0,0
Cualquier miércoles soy tuya,0,0,Mayra Santos-Febres,Spanish,Fiction,Mystery,239,0,0
Cuando Era Puertorriqueña,0,0,Esmeralda Santiago,Spanish,Fiction,Autobiography,296,0,0
Cupcake,Cyd Charisse ,3,Rachel Cohn,English,Fiction,Young Adult,248,0,0
Dance With the Devil,Dark Hunter,4,Sherrilyn Kenyon,English,Fiction,Paranormal Romance,343,0,0
Dancing In My Nuddy Pants,Georgia Nicolson,4,Louise Renninson,English,Fiction,Young Adult,206,0,0
Dandy In The Underworld,0,0,Sebastian Horseley,English,Non-Fiction,Memoir,325,0,0
Dark Lover,Black Dagger Brotherhood,1,J.R. Ward,English,Fiction,Paranormal Romance,393,0,2011
Dark Side of the Moon,Dark Hunter,10,Sherrilyn Kenyon,English,Fiction,Paranormal Romance,339,0,0
"Date Me Baby, One More Time",Inmortally Sexy,1,Stephanie Rowe,English,Fiction,Paranormal Romance,300,0,0
Dates From Hell,0,0,Kim Harrison,English,Fiction,Fantasy,404,0,0
Days Gone Bye,The Walking Dead,1,Robert Kirkman,English,Fiction,Graphic Novel,144,0,2012
Dead and Dateless,Vampire Love,2,Kimberly Raye,English,Fiction,Paranormal Romance,330,0,0
Dead and Gone,Sookie Stackhouse novel,9,Charlaine Harris,English,Fiction,Paranormal Romance,312,0,0
Dead as a Doornail,Sookie Stackhouse novel,5,Charlaine Harris,English,Fiction,Paranormal Romance,295,0,0
Dead End Dating,Vampire Love,1,Kimberly Raye,English,Fiction,Paranormal Romance,334,0,0
Dead in the Family,Sookie Stackhouse novel,10,Charlaine Harris,English,Fiction,Paranormal Romance,311,0,0
Dead Reckoning,Sookie Stackhouse novel,11,Charlaine Harris,English,Fiction,Paranormal Romance,325,0,2011
Dead to the World,Sookie Stackhouse novel,4,Charlaine Harris,English,Fiction,Paranormal Romance,291,0,0
Dead Until Dark,Sookie Stackhouse novel,1,Charlaine Harris,English,Fiction,Paranormal Romance,292,0,0
Dead Witch Walking,The Hollows,1,Kim Harrison,English,Fiction,Fantasy,416,0,2016
Death Of A Salesman,0,0,Arthur Miller,English,Fiction,Drama,112,1949,0
Deception Point,0,0,Dan Brown,English,Fiction,Science Fiction,558,2001,0
Deep Wizardry,Young Wizards,2,Diane Duane,English,Fiction,Young Adult,356,0,0
"Define ""Normal""",0,0,Julie Anne Peters,English,Fiction,Young Adult,196,0,0
Definitely Dead,Sookie Stackhouse novel,6,Charlaine Harris,English,Fiction,Paranormal Romance,324,0,0
Devil May Cry,Dark Hunter,12,Sherrilyn Kenyon,English,Fiction,Paranormal Romance,358,0,0
Devil's Corner,0,0,Lisa Scottoline,English,Fiction,Thriller,450,0,0
Diary of a Madman and Other Stories,0,0,Nikolai Gogol,English,Fiction,Short stories,188,0,2014
Dicen que los dormidos,0,0,Sergio Gutiérrez Negrón,Spanish,Fiction,Thriller,150,0,2016
Digital Fortress,0,0,Dan Brown,English,Fiction,Science Fiction,430,1995,0
Divergent,0,0, Veronica Roth,English,Fiction,Young Adult,487,0,2014
Divine Madness,0,0,Melanie Jackson,English,Fiction,Paranormal Romance,318,0,0
Do The Work,0,0,Steven Pressfield,English,Non-Fiction,Psychology,98,0,2012
Doggie Dreams,Tuned In,6,Julia DeVillers,English,Fiction,Young Adult,139,0,0
Don Juan Tenorio,0,0,José Zorrilla,Spanish,Fiction,Drama,189,0,0
Double Dating With the Dead,0,0,Karen Kelley,English,Fiction,Paranormal Romance,300,0,2011
Drawing of the Three,Dark Tower,2,Stephen King,English,Fiction,Science Fiction,463,0,0
Dream-Chaser,Dark Hunter,14,Sherrilyn Kenyon,English,Fiction,Paranormal Romance,359,0,0
Dreamland,0,0,Sarah Dessen,English,Fiction,Young Adult,250,0,0
Dust of Eden,0,0,Mariko Nagai,English,Fiction,Historical Fiction,128,0,2015
Eclipse,Twilight,3,Stephenie Meyer,English,Fiction,Young Adult,629,0,0
Ecstasia,Primavera,2,Francesca Lia Block,English,Fiction,Young Adult,196,1993,0
Edipo Rey,0,0,Sophocles,Spanish,Fiction,Classic,41,0,0
El Bosque de los Pigmeos,La Ciudad de las Bestias,3,Isabel Allende,Spanish,Fiction,Young Adult,290,2004,0
El Caballero de la Armadura Oxidada,0,0,Robert Fisher,Spanish,Fiction,Classic,93,0,0
El Código de Da Vinci,0,0,Dan Brown,Spanish,Fiction,Science Fiction,557,2003,0
El Cuento del Grial,0,0, Chrétien de Troyes ,English,Fiction,Classic,257,0,2012
El Diario de Adán y Eva,0,0,Mark Twain,Spanish,Fiction,Classic,117,1905,2011
El Killer,0,0,Josue Montijo,Spanish,Fiction,Thriller,135,0,0
El Libro del mal amor,0,0,Fernando Iwasaki,Spanish,Fiction,Short stories,214,0,2011
El Perfume,0,0,Patrick Suskind,Spanish,Fiction,Thriller,308,0,0
El pergamino de la seducción,0,0,Gioconda Belli,Spanish,Fiction,Historical Fiction,402,2005,0
El Reino del Dragón de Oro,La Ciudad de las Bestias,2,Isabel Allende,Spanish,Fiction,Young Adult,420,2003,0
Eleanor & Park,0,0,Rainbow Rowell,English,Fiction,Contemporary,328,0,2015
Elizabeth I,Royal Diaries,0,Kathryn Lasky,English,Fiction,Biography,214,0,0
En el ojo del huracán,0,0,Mayra Santos-Febres,Spanish,Fiction,Short stories,321,0,2011
Escape,Sons of the Dark,2,Lynne Ewing,English,Fiction,Young Adult,252,0,0
Esperando a Loló,0,0,Ana Lydia Vega,Spanish,Fiction,Essays,111,0,0
Eternal Hunger,Candace Steele Vampire Killer,3,Cameron Dean,English,Fiction,Romance,311,0,0
Even Vampires Get The Blues,0,0,Katie MacAlister,English,Fiction,Paranormal Romance,344,0,0
Ever After ,The Hollows,11,Kim Harrison,English,Fiction,Fantasy,435,0,2016
Every Boy's Got One,0,0,Meg Cabot,English,Fiction,Chick Lit,328,0,0
Every Which Way But Dead,The Hollows,3,Kim Harrison,English,Fiction,Fantasy,501,0,2016
Everything Is Illuminated,0,0,Jonathan Safran Foer,English,Fiction,Contemporary,382,0,0
Exquisito cadáver,0,0,Rafael Acevedo,Spanish,Fiction,Mystery,207,2001,2011
Extreme Bachelor,0,0,Julia London,English,Fiction,Romance,343,0,0
Fables: Animal Farm Vol. 2,Fables,2,Bill Willingham,English,Fiction,Graphic Novel,128,0,2015
Fables: Legends In Exile Vol. 1,Fables,1,Bill Willingham,English,Fiction,Graphic Novel,128,0,2015
Faerie Wars,Faerie Wars,1,Herbie Brennan,English,Fiction,Young Adult,368,2003,0
Faery Magic,0,0,Jo Beverly,English,Fiction,Romance,379,1998,0
Fake Boyfriend,0,0,Kate Brian,English,Fiction,Young Adult,262,2007,0
Fanfarlo ,0,0, Charles Baudelaire,English,Fiction,Classic,64,0,2014
Fangirl,0,0,Rainbow Rowell,English,Fiction,Contemporary,483,0,2015
Fantasy Lover,Dark Hunter,1,Sherrilyn Kenyon,English,Fiction,Paranormal Romance,307,0,0
Fast Friends,Tuned In,1,Julia DeVillers,English,Fiction,Young Adult,130,0,0
Fate of the Fallen ,0,0, Kel Kade,English,Fiction,Fantasy,400,0,2019
Fe en disfraz,0,0,Mayra Santos-Febres,Spanish,Fiction,Historical Fiction,115,0,2011
Fire Me Up,Green Dragons novel,2,Katie MacAlister,English,Fiction,Paranormal Romance,352,0,0
First Among Sequels,Thursday Next,5,Jasper Fforde,English,Fiction,Fantasy,362,0,2011
First Kiss,Bridesmaid Chronicles,2,Kylie Adams,English,Fiction,Romance,277,0,0
Flavor of the Week,0,0,Tucker Shaw,English,Fiction,Young Adult,219,0,0
Fledgeling,0,0,Olivia Butler,English,Fiction,Science Fiction,310,0,2014
Flipped,0,0,Wendelin Van Draanen,English,Fiction,Young Adult,212,0,0
Fluke,0,0,Christopher Moore,English,Fiction,Fantasy,311,0,0
Fool,0,0,Christopher Moore,English,Fiction,Fantasy,311,0,0
For A Few Demons More,The Hollows,5,Kim Harrison,English,Fiction,Fantasy,456,0,2016
Forever Odd,0,0,Dean Koontz,English,Fiction,Thriller,364,0,0
Formas de volver a casa,0,0,Alejandro Zambra,Spanish,Fiction,Contemporary,164,0,2014
Frankenstein,0,0,Mary Shelley,English,Fiction,Classic,213,0,0
French Kiss,0,0,Susan Johnson,English,Fiction,Chick Lit,300,0,0
Frogs and French Kisses,Rachel & Miri,2,Sarah Mlynowski,English,Fiction,Young Adult,277,0,0
From Dead to Worse,Sookie Stackhouse novel,8,Charlaine Harris,English,Fiction,Paranormal Romance,303,0,0
Frost Burned,Mercy Thompson,7,Patricia Briggs ,English,Fiction,Fantasy,342,0,2013
Fun Home,0,0,Alison Bechdel,English,Non-Fiction,Graphic Novel,232,0,2014
Funny Little Monkey,0,0,Andrew Auseon,English,Fiction,Young Adult,296,2005,0
Genevieve,0,0,Eric Jerome Dickey,English,Fiction,Contemporary,290,0,0
Gentlemen & Players,0,0,Joanne Harris,English,Fiction,Thriller,422,0,0
Getting the Girl,0,0,Markus Zusak,English,Fiction,Young Adult,250,0,0
Ghost of a Chance,0,0,Katie MacAlister,English,Fiction,Paranormal Romance,256,0,0
Gifts,0,0,Ursula K. Le Guin,English,Fiction,Young Adult,274,0,0
Gilgamesh,0,0,Stephen Mitchell,English,Fiction,Classic,290,0,2015
Gingerbread,Cyd Charisse ,1,Rachel Cohn,English,Fiction,Young Adult,172,0,0
Girls for Breakfast,0,0,David Yoo,English,Fiction,Young Adult,294,0,0
Girls in Pants The Third Summer of the Sisterhood,Traveling Pants,3,Ann Brashares,English,Fiction,Young Adult,338,2003,0
Girls We Love,Insiders,6,J. Minter,English,Fiction,Young Adult,215,0,0
GIT-R-DONE,0,0,Larry The Cable Guy,English,Non-Fiction,Humor,267,0,0
Goddess of the Night,Daughters of the Moon,1,Lynne Ewing,English,Fiction,Young Adult,294,0,0
Gone With The Nerd,0,0,Vicki Lewis Thompson,English,Fiction,Romance,386,0,0
Good Omens,0,0,Neil Gaiman,English,Fiction,Fantasy,412,1990,0
Gossip Girl,Gossip Girl,1,Cecily von Ziegesar,English,Fiction,Young Adult,199,0,0
Grind,0,0,Robin Wasserman,English,Fiction,Young Adult,126,0,0
Guilty Little Secrets,0,0,Connie Lane,English,Fiction,Romance,323,0,0
Guitar Girl,0,0,Sarra Manning,English,Fiction,Young Adult,217,0,0
Hacking Harvard,0,0,Robin Wasserman,English,Fiction,Young Adult,320,0,0
Half-Resurrection Blues,Bone Street Rumba,1,Daniel José Older,English,Fiction,Fantasy,326,0,2015
Harmony's Way,0,0,Lora Leigh,English,Fiction,Paranormal Romance,312,0,0
Harry Potter and the Chamber of Secrets,Harry Potter,2,J.K. Rowling,English,Fiction,Fantasy,341,0,2011
Harry Potter and the Deathly Hallows,Harry Potter,7,J.K. Rowling,English,Fiction,Fantasy,759,0,2011
Harry Potter and the Goblet of Fire,Harry Potter,4,J.K. Rowling,English,Fiction,Fantasy,734,0,2011
Harry Potter and the Half-Blood Prince,Harry Potter,6,J.K. Rowling,English,Fiction,Fantasy,652,0,2011
Harry Potter and the Order of the Poenix,Harry Potter,5,J.K. Rowling,English,Fiction,Fantasy,870,0,2011
Harry Potter and the Prisoner of Azkaban,Harry Potter,3,J.K. Rowling,English,Fiction,Fantasy,435,0,2011
Harry Potter and the Sorcerer's Stone,Harry Potter,1,J.K. Rowling,English,Fiction,Fantasy,309,0,2011
Harry Potter y el Cáliz de Fuego,Harry Potter,4,J.K. Rowling,Spanish,Fiction,Fantasy,635,0,0
Harry Potter y el Prisionero de Azkaban,Harry Potter,3,J.K. Rowling,Spanish,Fiction,Fantasy,359,0,0
Harry Potter y la Cámara de los Secretos,Harry Potter,2,J.K. Rowling,Spanish,Fiction,Fantasy,286,0,0
Harry Potter y la Piedra Filosofal,Harry Potter,1,J.K. Rowling,Spanish,Fiction,Fantasy,254,1997,0
Haunted,0,0,Chuck Palahniuk,English,Fiction,Horror,404,0,0
Hazing Meri Sugarman,Meri,1,M. Apostolina,English,Fiction,Young Adult,266,2005,0
He's Just Not That Into You,0,0,Greg Behrendt,English,Non-Fiction,Psychology,165,2004,0
Head Games,0,0,Mariah Fredericks,English,Fiction,Young Adult,260,0,0
Heart on My Sleeve,0,0,Ellen Wittlinger,English,Fiction,Young Adult,217,0,0
Heart Shaped Box,0,0, Joe Hill,English,Fiction,Horror,376,0,2013
Heat,0,0,Bill Buford,English,Non-Fiction,Memoir,336,0,2014
Helarte de amar,0,0,Fernando Iwasaki,Spanish,Fiction,Short stories,150,0,2011
Hell To Pay,Nightside,7,Simon R. Green,English,Fiction,Fantasy,264,0,0
Herself,0,0,Leslie Carroll,English,Fiction,Chick Lit,296,0,0
Hex and the City,Nightside,4,Simon R. Green,English,Fiction,Fantasy,246,0,0
High Fidelity,0,0,Nick Hornby,English,Fiction,Contemporary,323,0,0
High Wizardry,Young Wizards,3,Diane Duane,English,Fiction,Young Adult,338,0,0
Him Her Him Again the End of Him,0,0,Patricia Marx,English,Fiction,Contemporary,245,0,0
Hold On Tight,Insiders,5,J. Minter,English,Fiction,Fiction,295,0,0
Holly's Story,Angels in Pink,3,Lurlene McDaniel,English,Fiction,Young Adult,214,0,0
Hollywood Hustle,Son of the Mob,2,Gordon Korman,English,Fiction,Young Adult,268,0,0
Holy Smokes,Green Dragons novel,4,Katie MacAlister,English,Fiction,Paranormal Romance,341,0,0
Honeybee,0,0,Trista Mateer,English,Non-Fiction,Poetry,160,0,2014
Horten's Miraculous Mechanisms,0,0, Lissa Evans,English,Fiction,Young Adult,272,0,2013
Hot Number,0,0,Carly Phillips,English,Fiction,Romance,378,0,0
House,0,0,Frank Peretti,English,Fiction,Horror,372,0,0
"How My Private, Personal Journal Became A Bestseller",0,0,Julia DeVillers,English,Fiction,Young Adult,212,0,0
How To Be Good,0,0,Nick Hornby,English,Fiction,Fiction,305,0,2011
How To Buy A Love of Reading,0,0, Tanya Egan Gibson,English,Fiction,Chick Lit,392,0,2011
How To Teach Filthy Rich Girls,0,0,Zoey Dean,English,Fiction,Chick Lit,293,0,0
Hunters of the Dusk,Cirque Du Freak,7,Darren Shan,English,Fiction,Young Adult,213,0,0
I Am An Emotional Creature,0,0,Eve Ensler,English,Non-Fiction,Essays,144,0,2011
I Am Half Sick of Shadows,Flavia de Luce Mystery,4,Alan Bradley,English,Fiction,Mystery,293,2011,2012
I Know Why the Caged Bird Sings,0,0,Maya Angelou,English,Non-Fiction,Autobiography,120,0,2016
I Like It Like That,Gossip Girl,5,Cecily von Ziegesar,English,Fiction,Young Adult,201,0,0
"I Love You, Beth Cooper",0,0,Larry Doyle,English,Fiction,Young Adult,253,0,0
I'd Tell You I Love You But Then I'd Have To Kill You,0,0,Ally Carter,English,Fiction,Young Adult,284,0,0
I'm In No Mood For Love,0,0,Rachel Gibson,English,Fiction,Romance,359,0,0
I'm The Vampire That’s Why,0,0,Michele Bardsley,English,Fiction,Paranormal Romance,315,2006,0
If We Kiss?,0,0,Rachel Vail,English,Fiction,Young Adult,259,0,0
In the Afterlight ,The Darkest Minds,3, Alexandra Bracken,English,Fiction,Young Adult,505,0,2019
In the Woods,0,0,Tana French,English,Fiction,Mystery,431,0,2014
Initiation,Vampire Beach,2,Alex Duval,English,Fiction,Young Adult,185,0,0
Insiders,Insiders,1,J. Minter,English,Fiction,Young Adult,280,0,0
Insurgent,Divergent,2,Veronica Roth,English,Fiction,Young Adult,525,0,2014
Into the Cold Fire,Daughters of the Moon,2,Lynne Ewing,English,Fiction,Young Adult,264,0,0
Into The Flame,Darkness Chosen,4,Christina Dodd,English,Fiction,Paranormal Romance,377,0,0
Into The Shadow,Darkness Chosen,3,Christina Dodd,English,Fiction,Paranormal Romance,378,0,0
Iron Kissed,Mercy Thompson,3,Patricia Briggs,English,Fiction,Fantasy,287,0,2011
Island Of The Sequined Love Nun,0,0,Christopher Moore,English,Fiction,Fantasy,322,0,0
It's Kind of A Funny Story,0,0,Ned Vizzini,English,Fiction,Young Adult,444,0,0
Jagannath,0,0,Karin Tidbeck,English,Fiction,Short stories,114,0,2016
Jinx on the Divide,Divide,3,Elizabeth Kay,English,Fiction,Young Adult,368,0,0
Journey to the Center of the Earth,0,0,Jules Verne,English,Fiction,Science Fiction,338,0,2014
Jpod,0,0,Douglas Coupland,English,Fiction,Contemporary,449,0,0
"Juliet, Naked",0,0,Nick Hornby,English,Fiction,Contemporary,406,0,0
Julius Ceasar,0,0,William Shakespeare,English,Fiction,Classic,140,0,0
Just A Couple of Days,0,0, Tony Vigorito ,English,Fiction,Contemporary,400,0,2011
Just Listen,0,0,Sarah Dessen,English,Fiction,Young Adult,371,0,0
Just One Sip,0,0,Katie MacAlister,English,Fiction,Paranormal Romance,338,0,0
Just The Way You Are,0,0,Christina Dodd,English,Fiction,Romance,374,0,0
Kathleen's Story,Angels in Pink,1,Lurlene McDaniel,English,Fiction,Young Adult,227,0,0
Keeping the Moon,0,0,Sarah Dessen,English,Fiction,Young Adult,228,0,0
Kill Game,Fearless FBI,1,Francine Pascal,English,Fiction,Young Adult,262,0,0
Killers of the Dawn,Cirque Du Freak,9,Darren Shan,English,Fiction,Young Adult,208,0,0
Killing Britney,0,0,Sean Olin,English,Fiction,Young Adult,234,0,0
Kiss Me Again,0,0,Lisa Jackson,English,Fiction,Thriller,424,0,0
"Kiss Me Once, Kiss Me Twice",0,0,Kimberly Raye,English,Fiction,Romance,259,0,0
Kiss of the Night,Dark Hunter,5,Sherrilyn Kenyon,English,Fiction,Paranormal Romance,361,0,0
Kissing Coffins,Vampire Kisses,2,Ellen Schreiber,English,Fiction,Paranormal Romance,165,0,0
Knocked Out By My Nunga-Nungas,Georgia Nicolson,3,Louise Renninson,English,Fiction,Young Adult,173,0,0
La Amortajada,0,0,María Luisa Bombal,Spanish,Fiction,Classic,139,1986,0
La Ciudad de las Bestias,La Ciudad de las Bestias,1,Isabel Allende,Spanish,Fiction,Young Adult,401,2002,0
La Condena,0,0,Franz Kafka,Spanish,Fiction,Classic,206,0,2013
La Guaracha del Macho Camacho,0,0,Luis Rafael Sánchez,Spanish,Fiction,Classic,313,0,0
La Metamorfosis,0,0,Franz Kafka,Spanish,Fiction,Classic,125,0,2013
La Odisea,0,0,Homer,Spanish,Fiction,Classic,541,0,2012
La Pasión Según Antígona Pérez,0,0,Luis Rafael Sánchez,Spanish,Fiction,Classic,122,0,0
La Rendición,0,0,Toni Bentley,Spanish,Fiction,Erotica,220,2007,0
La vida es sueño,0,0,Pedro Calderón de la Barca,Spanish,Fiction,Classic,103,0,0
Lamb,0,0,Christopher Moore,English,Fiction,Fantasy,444,0,2011
Landline,0,0,Rainbow Rowell,English,Fiction,Contemporary,494,0,2014
Light My Fire,Green Dragons novel,3,Katie MacAlister,English,Fiction,Paranormal Romance,329,0,0
"Little Lady, Big Apple",Little Lady,2,Hester Browne,English,Fiction,Chick Lit,360,0,0
Live Bait,Fearless FBI,2,Francine Pascal,English,Fiction,Young Adult,177,0,0
Living Dead In Dallas,Sookie Stackhouse novel,2,Charlaine Harris,English,Fiction,Paranormal Romance,291,0,0
Lord of the Shadows,Cirque Du Freak,11,Darren Shan,English,Fiction,Young Adult,220,0,0
Lost girls,0,0,Alan Moore,English,Fiction,Graphic Novel,320,0,2013
Lost In A Good Book,Thursday Next,2,Jasper Fforde,English,Fiction,Fantasy,399,0,2011
"Love, Rosie",0,0,Cecilia Ahern,English,Fiction,Chick Lit,431,2004,0
"Love, Stargirl",Stargirl,2,Jerry Spinelli,English,Fiction,Young Adult,279,0,0
Lover at Last,Black Dagger Brotherhood,11,J.R. Ward,English,Fiction,Paranormal Romance,608,0,2013
Lover Avenged,Black Dagger Brotherhood,7,J.R. Ward,English,Fiction,Paranormal Romance,527,0,2012
Lover Awakened,Black Dagger Brotherhood,3,J.R. Ward,English,Fiction,Paranormal Romance,434,0,2011
Lover Enshrined,Black Dagger Brotherhood,6,J.R. Ward,English,Fiction,Paranormal Romance,534,0,2012
Lover Eternal,Black Dagger Brotherhood,2,J.R. Ward,English,Fiction,Paranormal Romance,441,0,2011
Lover Mine,Black Dagger Brotherhood,8,J.R. Ward,English,Fiction,Paranormal Romance,512,0,2012
Lover Reborn,Black Dagger Brotherhood,10,J.R. Ward,English,Fiction,Paranormal Romance,572,0,2012
Lover Revealed,Black Dagger Brotherhood,4,J.R. Ward,English,Fiction,Paranormal Romance,455,0,2011
Lover Unbound,Black Dagger Brotherhood,5,J.R. Ward,English,Fiction,Paranormal Romance,528,0,2012
Lover Unleashed,Black Dagger Brotherhood,9,J.R. Ward,English,Fiction,Paranormal Romance,487,0,2012
Lucy Sullivan Is Getting Married,0,0,Marian Keyes,English,Fiction,Chick Lit,610,0,0
Luna,0,0,Julie Anne Peters,English,Fiction,Young Adult,248,0,0
Luscious Craving,Candace Steele Vampire Killer,2,Cameron Dean,English,Fiction,Paranormal Romance,328,0,0
Macbeth,0,0,William Shakespeare,English,Fiction,Drama,177,0,0
Mad River Road,0,0,Joy Fielding,English,Fiction,Mystery,484,0,0
Manhunt,0,0,Janet Evanovich,English,Fiction,Romance,219,0,0
Marley & Me,0,0,John Grogan,English,Fiction,Biography,303,0,0
Megan Meade's Guide to the McGowan Boys,0,0,Kate Brian,English,Fiction,Young Adult,267,2005,0
Memoria de mis putas tristes,0,0,Gabriel García Márquez,Spanish,Fiction,Classic,109,0,2012
Meri Strikes Back,Meri,2,M. Apostolina,English,Fiction,Young Adult,275,2006,0
Midnight Taxi Tango,Bone Street Rumba,2,Daniel José Older,English,Fiction,Mystery,319,0,2016
Miles Behind Us,The Walking Dead,2,Robert Kirkman,English,Fiction,Graphic Novel,136,0,2012
Miss Peregrine's Home for Peculiar Children,0,0,Ransom Riggs,English,Fiction,Young Adult,348,0,2011
Mister B. Gone,0,0,Clive Barker,English,Fiction,Horror,248,2007,0
Mockingjay,Hunger Games,3,Suzanne Collins,English,Fiction,Young Adult,390,0,2011
Molly Moon Stops the World,Molly Moon,3,Georgia Byng,English,Fiction,Young Adult,374,0,0
Molly Moon y el Increible Libro del Hipnotismo,Molly Moon,1,Georgia Byng,Spanish,Fiction,Young Adult,248,0,0
Molly Moon's Hypnotic Time Travel Adventure,Molly Moon,2,Georgia Byng,English,Fiction,Young Adult,392,0,0
Moon Called,Mercy Thompson,1,Patricia Briggs,English,Fiction,Fantasy,288,2006,0
Moon Demon,Daughters of the Moon,7,Lynne Ewing,English,Fiction,Young Adult,289,0,0
Movie Madness,Tuned In,8,Julia DeVillers,English,Fiction,Young Adult,138,0,0
Mundo Cruel,0,0,Luis Negrón,Spanish,Fiction,Short stories,104,0,2011
Murder on the Orient Express,0,0, Agatha Christie,English,Fiction,Mystery,347,0,2013
Music Mania,Tuned In,4,Julia DeVillers,English,Fiction,Young Adult,139,0,0
Must Love Dragons,Inmortally Sexy,2,Stephanie Rowe,English,Fiction,Paranormal Romance,342,0,0
My Nerdy Valentine,0,0,Vicki Lewis Thompson,English,Fiction,Romance,339,0,0
My Private Life,0,0,Mistress Nan,English,Non-Fiction,Sexuality,196,0,0
Mysteria,0,0,Mary Janice Davidson,English,Fiction,Paranormal Romance,340,0,0
Naked Eye,Fearless FBI,4,Francine Pascal,English,Fiction,Young Adult,232,0,0
Necrophilia Variations,0,0, Supervert,English,Fiction,Sexuality,200,0,2013
Necrópolis,0,0, Santiago Gamboa,Spanish,Fiction,Thriller,455,0,2011
Nerd In Shining Armor,0,0,Vicki Lewis Thompson,English,Fiction,Romance,324,0,0
Nerds Like It Hot,0,0,Vicki Lewis Thompson,English,Fiction,Romance,370,0,0
Never Fade ,The Darkest Minds,2, Alexandra Bracken,English,Fiction,Young Adult,513,0,2019
Neverwhere,0,0,Neil Gaiman,English,Fiction,Graphic Novel,224,0,2012
New Moon,Twilight,2,Stephenie Meyer,English,Fiction,Young Adult,563,0,0
Next Summer,Summer Boys,2,Hailey Abbott,English,Fiction,Young Adult,230,2005,0
Nick & Norah's Infinite Playlist,0,0,Rachel Cohn,English,Fiction,Young Adult,183,0,0
Night Embrace,Dark Hunter,3,Sherrilyn Kenyon,English,Fiction,Paranormal Romance,408,0,0
Night Play ,Dark Hunter,6,Sherrilyn Kenyon,English,Fiction,Paranormal Romance,362,0,0
Night Pleasures,Dark Hunter,2,Sherrilyn Kenyon,English,Fiction,Paranormal Romance,309,0,0
Night Shade,Daughters of the Moon,3,Lynne Ewing,English,Fiction,Young Adult,275,0,0
Night Sun,Sons of the Dark,4,Lynne Ewing,English,Fiction,Young Adult,259,0,0
Nightingale's Lament,Nightside,3,Simon R. Green,English,Fiction,Fantasy,217,0,0
Nightlife,0,0,Thomas Perry ,English,Fiction,Thriller,373,0,0
Nimona,0,0,Noelle Stevenson,English,Fiction,Graphic Novel,272,0,2016
No One Belongs Here More Than You,0,0,Miranda July,English,Fiction,Short stories,224,0,0
Nobody Does It Better,Gossip Girl,7,Cecily von Ziegesar,English,Fiction,Young Adult,229,0,2014
Nocturno de Chile,0,0,Roberto Bolaño,Spanish,Fiction,Contemporary,160,0,2011
Northanger Abbey,0,0,Jane Austen,English,Fiction,Classic,241,1817,0
NOS4A2,0,0,Joe Hill,English,Fiction,Horror,692,0,2013
Nothing Can Keep Us Together,Gossip Girl,8,Cecily von Ziegesar,English,Fiction,Young Adult,218,0,0
Of Mice and Men,0,0,John Steinbeck,English,Fiction,Classic,103,0,2015
Olivia Joules and the Overactive Imagination,0,0,Helen Fielding,English,Fiction,chick Lit,306,0,0
On Bullshit,0,0,Harry G. Frankfurt,English,Fiction,Essays,67,0,0
On The Bright Side I'm Now the Girlfriend of a Sex God,Georgia Nicolson,2,Louise Renninson,English,Fiction,Young Adult,233,0,0
Once Upon A Marigold,0,0,Jean Ferris,English,Fiction,Young Adult,266,0,0
One of Our Thursdays Is Missing,Thursday Next,6,Jasper Fforde,English,Fiction,Fantasy,359,0,2012
Only Human ,Themis Files,3, Sylvain Neuvel,English,Fiction,Science Fiction,336,0,2018
Only In Your Dreams,Gossip Girl,9,Cecily von Ziegesar,English,Fiction,Young Adult,232,0,0
"Other Voices, Other Rooms ",0,0, Truman Capote,English,Fiction,Classic,232,0,2016
Outcast,Sons of the Dark,3,Lynne Ewing,English,Fiction,Young Adult,257,0,0
Palacio,0,0,Sergio Gutiérrez Negrón,Spanish,Fiction,Contemporary,144,0,2016
Pale Demon ,The Hollows,9,Kim Harrison,English,Fiction,Fantasy,439,0,2016
Parnassus on Wheels,0,0,Christopher Morley,English,Fiction,Classic,142,0,2014
Pass It On,Insiders,2,J. Minter,English,Fiction,Young Adult,346,0,0
Passionate Thirst,Candace Steele Vampire Killer,1,Cameron Dean,English,Fiction,Paranormal Romance,301,0,0
Paths Not Taken,Nightside,5,Simon R. Green,English,Fiction,Fantasy,262,0,0
Peaches,0,0,Jodi Lynn Anderson,English,Fiction,Young Adult,312,2005,0
Perfect,0,0,Natasha Friends,English,Fiction,Young Adult,172,0,0
Phone Sex,0,0, Miranda Austin,English,Non-Fiction,Sexuality,200,0,2011
Platero y Yo,0,0,J. R. Jiménez,Spanish,Non-Fiction,Poetry,175,1914,2011
Playing in Traffic,0,0,Gail Giles,English,Fiction,Young Adult,176,0,0
Playing With Fire,Silver Dragons novel,1,Katie MacAlister,English,Fiction,Paranormal Romance,331,0,0
Please Ignore Vera Dietz,0,0,A. S. King,English,Fiction,Young Adult,326,0,2014
Pop Princess,0,0,Rachel Cohn,English,Fiction,Young Adult,311,0,0
Possession,Daughters of the Moon,8,Lynne Ewing,English,Fiction,Young Adult,275,0,0
Practical Demonkeeping,0,0,Christopher Moore,English,Fiction,Fantasy,243,0,0
Prep,0,0,Curtis Sittenfield,English,Fiction,Young Adult,403,0,0
Pride And Prejudice,0,0,Jane Austen,English,Fiction,Classic,334,1813,0
Primavera,Primavera,1,Francesca Lia Block,English,Fiction,Young Adult,189,1994,0
Prom,0,0,Laurie Halse Anderson,English,Fiction,Young Adult,215,0,0
Púrpura profundo,0,0,Mayra Montero,Spanish,Fiction,Erotica,172,0,0
Raina's Story,Angels in Pink,2,Lurlene McDaniel,English,Fiction,Young Adult,190,0,0
Ready or Not,0,0,Meg Cabot,English,Fiction,Chick Lit,238,0,0
Real Vampires Live Large,0,0,Gerry Bartlet,English,Fiction,Paranormal Romance,297,2007,0
Really Unusual Bad Boys,0,0,Mary Janice Davidson,English,Fiction,Paranormal Romance,241,0,0
Red is for Remembrance,0,0,Laurie Faria Stolarz,English,Fiction,Young Adult,320,0,0
Revenge,0,0,Yoko Ogawa,English,Fiction,Horror,162,0,2015
Rewind,0,0,Laura Dower,English,Fiction,Young Adult,243,0,0
Rhymes With Witches,0,0,Lauren Myracle,English,Fiction,Young Adult,209,0,0
Rich People Problems ,0,0, Kevin Kwan,English,Fiction,Contemporary,398,0,2018
River Marked ,Mercy Thompson,6,Patricia Briggs ,English,Fiction,Fantasy,226,0,2012
Room Redo,Tuned In,9,Julia DeVillers,English,Fiction,Young Adult,141,0,0
Running With Scissors,0,0,Augusten Burroughs,English,Non-Fiction,Memoir,304,0,0
Russian Winter,0,0,Daphne Kalotay,English,Fiction,Contemporary,459,0,0
Sacré Bleu: A Comedy D'art,0,0,Christopher Moore,English,Fiction,Fantasy,403,0,2012
Safety Behind Bars,The Walking Dead,3,Robert Kirkman,English,Fiction,Graphic Novel,136,0,2012
"Saga, Vol. 1",Saga,1, Brian K. Vaughan,English,Fiction,Graphic Novel,176,0,2015
"Saga, Vol. 2",Saga,2, Brian K. Vaughan,English,Fiction,Graphic Novel,160,0,2015
"Saga, Vol. 3",Saga,3, Brian K. Vaughan,English,Fiction,Graphic Novel,144,0,2019
Salida de emergencia ,0,0, Valenzuela ,English,Fiction,Short stories,270,0,2012
Sandpiper,0,0,Ellen Wittlinger,English,Fiction,Young Adult,225,0,0
Satánas,0,0,Mario Mendoza,Spanish,Fiction,Horror,283,0,2011
Saving Francesca,0,0,Melina Marchetta,English,Fiction,Young Adult,243,0,0
Scent of Darkness,Darkness Chosen,1,Christina Dodd,English,Fiction,Paranormal Romance,392,0,0
Seal It With a Kiss,0,0,Violet Blue,English,Non-Fiction,Sexuality,129,2010,0
Secondhand Souls ,0,0, Christopher Moore,English,Fiction,Fantasy,335,0,2016
Seduced By Magic,0,0,Cheyenne McGray,English,Fiction,Romance,372,0,0
Seize the Night,Dark Hunter,7,Sherrilyn Kenyon,English,Fiction,Paranormal Romance,325,0,0
Sex Criminals,0,0,Matt Fraction,English,Fiction,Graphic Novel,128,0,2016
Shades of Grey,Shades of Grey,1,Jasper Fforde,English,Fiction,Fantasy,390,0,0
Sharper Than  A Serpent's Tooth,Nightside,6,Simon R. Green,English,Fiction,Fantasy,247,0,0
Shatter Glass,The Circle Opens,4,Tamora Pierce,English,Fiction,Young Adult,357,0,0
Shattering Glass,0,0,Gail Giles,English,Fiction,Young Adult,215,0,0
Shiver ,0,0,Lisa Jackson,English,Fiction,Thriller,579,0,0
Shrimp,Cyd Charisse ,2,Rachel Cohn,English,Fiction,Young Adult,272,0,0
Silver Borne,Mercy Thompson,5,Patricia Briggs,English,Fiction,Fantasy,342,2010,2011
Silver is for Secrets,0,0,Laurie Faria Stolarz,English,Fiction,Young Adult,277,0,0
Simply Sensual,0,0,Carly Phillips,English,Fiction,Romance,266,0,0
Single White Vampire,Argeneu Novel,0,Lynsay Sands,English,Fiction,Paranormal Romance,369,0,0
Sins Of Midnight,0,0,Kimberly Logan,English,Fiction,Historical Romance,374,0,0
Sins of the Night,Dark Hunter,8,Sherrilyn Kenyon,English,Fiction,Paranormal Romance,365,0,0
Size 12 Is Not Fat,Heather Wells,1,Meg Cabot,English,Fiction,Chick Lit,345,0,0
Size 14 Is Not Fat Either,Heather Wells,2,Meg Cabot,English,Fiction,Chick Lit,344,0,0
Slaughterhouse Five,0,0,Kurt Vonnegut,English,Fiction,Fiction,215,1969,2011
Sleeping Giants ,Themis Files,1, Sylvain Neuvel,English,Fiction,Science Fiction,320,0,2017
Sleeping With the Fishes,Fred Bimm,1,Mary Janice Davidson,English,Fiction,Paranormal Romance,268,0,0
Smitten,0,0,Janet Evanovich,English,Fiction,Romance,234,0,0
So Yesterday,0,0,Scott Westerfeld,English,Fiction,Young Adult,225,0,0
So You Want to Be A Wizard,Young Wizards,1,Diane Duane,English,Fiction,Young Adult,323,0,0
Something From the Nightside,Nightside,1,Simon R. Green,English,Fiction,Fantasy,230,0,0
Something Rotten,Thursday Next,4,Jasper Fforde,English,Fiction,Fantasy,383,0,2011
Son of the Mob,Son of the Mob,1,Gordon Korman,English,Fiction,Young Adult,262,0,0
Song of Susannah,Dark Tower,6,Stephen King,English,Fiction,Science Fiction,510,0,0
Sons of Destiny,Cirque Du Freak,12,Darren Shan,English,Fiction,Young Adult,240,0,0
Spaceman of Bohemia ,0,0, Jaroslav Kalfar,English,Fiction,Contemporary,277,0,2017
Speak,0,0,Laurie Halse Anderson,English,Fiction,Young Adult,198,0,0
Special of the Day,0,0,Elaine Fox,English,Fiction,Romance,373,0,0
Squashed,0,0,Joan Bauer,English,Fiction,Young Adult,194,1992,0
St. Urbain's Horseman,0,0,Mordecai Richler,English,Fiction,Contemporary,504,0,2015
Star Struck,Tuned In,2,Julia DeVillers,English,Fiction,Young Adult,138,0,0
Stardust,0,0,Neil Gaiman,English,Fiction,Fantasy,333,1998,2011
Stargirl,Stargirl,1,Jerry Spinelli,English,Fiction,Young Adult,186,0,0
Station Eleven,0,0,Emily St. John Mandel,English,Fiction,Science Fiction,336,0,2015
Sticky Fingers,0,0,Nikki Burnham,English,Fiction,Young Adult,274,0,0
Story Time,0,0,Edward Bloor,English,Fiction,Young Adult,424,2001,0
Summer Boys,Summer Boys,1,Hailey Abbott,English,Fiction,Young Adult,214,2005,0
Sushi For Beginners,0,0,Marian Keyes,English,Fiction,Chick Lit,426,0,0
Swimming Without A Net,Fred Bimm,2,Mary Janice Davidson,English,Fiction,Paranormal Romance,271,0,0
Switching Time,0,0,Richard Baer,English,Non-Fiction,Psychology,346,2007,0
T.Witches,0,0,H.B. Gilmour,English,Fiction,Young Adult,308,0,0
Take It Off,Insiders,3,J. Minter,English,Fiction,Young Adult,334,0,0
Talk Nerdy To Me,0,0,Vicki Lewis Thompson,English,Fiction,Romance,357,0,0
Tan cerca de la vida,0,0,Santiago Roncagliolo,Spanish,Fiction,Contemporary,328,0,2011
The 13 1/2 Lives of Captain Bluebear,0,0, Walter Moers,English,Fiction,Contemporary,704,0,2014
The Accidental Vampire,Argeneu Novel,0,Lynsay Sands,English,Fiction,Paranormal Romance,361,0,0
The African Samurai ,0,0, Geoffrey Girard,English,Fiction,Biography,480,0,2019
The Angel's Game,0,0,Carlos Ruiz Zafón,English,Fiction,Contemporary,531,0,0
The Bachelor,Chandler Boys,1,Carly Phillips,English,Fiction,Romance,301,0,0
The Bad Beginning,A Series of Unfortunate Events,1,Lemony Snicket,English,Fiction,Young Adult,176,0,2014
The Becoming,Daughters of the Moon,12,Lynne Ewing,English,Fiction,Young Adult,273,0,0
The Bell Jar,0,0,Sylvia Plath,English,Fiction,Classic,284,1963,0
The Best Defense,The Walking Dead,5,Robert Kirkman,English,Fiction,Graphic Novel,136,0,2012
The Big Over Easy,Nursery Crime,1,Jasper Fforde,English,Fiction,Fantasy,383,0,0
The Blind Assassin,0,0,Margaret Atwood,English,Fiction,Mystery,641,0,2015
The Book of Lost Things,0,0,John Connolly,English,Fiction,Young Adult,339,0,0
The Book of Speculation ,0,0, Erika Swyler,English,Fiction,Fantasy,339,0,2016
The Bridesmaid ,0,0,Hailey Abbott,English,Fiction,Young Adult,266,2005,0
The Brief Wondrous Life of Oscar Wao,0,0,Junot Díaz,English,Fiction,Contemporary,345,0,0
The Cabin at the End of the Woods ,0,0, Paul Tremblay,English,Fiction,Horror,272,0,2018
The Catcher In the Rye,0,0,J.D. Salinger,English,Fiction,Classic,214,1951,0
The Chestnut Man ,0,0, Soren Sveistrup,English,Fiction,Mystery,519,0,2019
The Choice,Daughters of the Moon,9,Lynne Ewing,English,Fiction,Young Adult,275,0,0
The Chronicles of Narnia #1-#7,0,0,C.S. Lewis,English,Fiction,Fantasy,767,0,0
The Claiming of Sleeping Beauty,Sleeping Beauty,1,A.N. Roquelaure,English,Fiction,Erotica,253,1983,0
The Color Purple,0,0,Alice Walker,English,Fiction,Classic,294,0,0
The Crucible,0,0,Arthur Miller,English,Fiction,Drama,145,1953,0
The Curious Incident Of The Dog In The Nightside,0,0,Mark Haddon,English,Fiction,Contemporary,221,2003,0
The Curious Sofa: A Pornographic Work ,0,0, Ogdred Weary,English,Fiction,Graphic Novel,64,0,2014
The Dark Tower,Dark Tower,7,Stephen King,English,Fiction,Science Fiction,830,0,0
The Debutante Divorcée,0,0,Plum Sykes,English,Fiction,Fiction,248,0,0
The Defining Decade,0,0,Meg Jay,English,Non-Fiction,Psychology,201,0,2012
The Devil in the White City ,0,0, Erik Larson,English,Fiction,True Crime,447,0,2019
The Divide,Divide,1,Elizabeth Kay,English,Fiction,Young Adult,318,0,0
The Dog Stars ,0,0, Peter Heller,English,Fiction,Science Fiction,336,0,2015
The Dream-Hunter,Dark Hunter,11,Sherrilyn Kenyon,English,Fiction,Paranormal Romance,340,0,0
The Egyptologyst ,0,0,Arthur Phillips,English,Fiction,Historical Fiction,383,0,0
The Eyre Affair,Thursday Next,1,Jasper Fforde,English,Fiction,Fantasy,374,0,2011
The Fellowship of the Ring,Lord of the Rings,1,J.R.R. Tolkien,English,Fiction,Science Fiction,398,1954,2011
The Female Brain,0,0,Louann Brizendine,English,Non-Fiction,Psychology,163,2006,0
The Fifth Season ,The Broken Earth,1, N.K. Jemisin,English,Fiction,Science Fiction,468,0,2017
The Final Eclipse,Daughters of the Moon,13,Lynne Ewing,English,Fiction,Young Adult,265,0,0
The Finishing Touches,0,0,Hester Browne,English,Fiction,Chick Lit,411,0,0
The Fireman ,0,0, Joe Hill,English,Fiction,Horror,768,0,2017
The Five People You Meet In Heaven,0,0,Mitch Albom,English,Fiction,Contemporary,196,2003,0
The Fourth Bear,Nursery Crime,2,Jasper Fforde,English,Fiction,Fantasy,375,0,0
The Friendship test,0,0,Elizabeth Noble,English,Fiction,Chick Lit,437,0,0
The Girl Who Kicked the Hornet's Nest,Millenium,3,Stieg Larsson,English,Fiction,Crime Fiction,563,0,0
The Girl Who Played With Fire,Millenium,2,Stieg Larsson,English,Fiction,Crime Fiction,724,0,0
The Girl With the Dragon Tattoo,Millenium,1,Stieg Larsson,English,Fiction,Crime Fiction,644,0,0
The Glittering Hour ,0,0, Iona Grey,English,Fiction,Contemporary,471,0,2019
The Good Guy,0,0,Dean Koontz,English,Fiction,Thriller,386,0,0
"The Good, The Bad, and The Undead",The Hollows,2,Kim Harrison,English,Fiction,Fantasy,453,0,2016
The Green Mile,0,0,Stephen King,English,Fiction,Horror,536,0,0
The Gunslinger,Dark Tower,1,Stephen King,English,Fiction,Science Fiction,231,0,0
The Haunted Bookshop,0,0,Christopher Morley,English,Fiction,Fiction,0,0,2014
The Heart's Desire,The Walking Dead,4,Robert Kirkman,English,Fiction,Graphic Novel,136,0,2012
The Heartbreaker,Chandler Boys,3,Carly Phillips,English,Fiction,Romance,319,0,0
The Hellbound Heart,0,0,Clive Barker,English,Fiction,Horror,164,1991,0
The Hitchhiker's Guide to the Galaxy,0,0,Douglas Adams,English,Fiction,Science Fiction,815,1979,0
The Hobbit,0,0, J.R.R Tolkien ,English,Fiction,Science Fiction,322,0,2012
The Holy Terrors,0,0,Jean Cocteau,English,Fiction,Classic,183,1929,0
The Housekeeper and the Professor,0,0,Yoko Ogawa,English,Fiction,Contemporary,180,0,2014
The Hunger Games,Hunger Games,1,Suzanne Collins,English,Fiction,Young Adult,374,0,2011
The Killing Moon,The Dreamblood,1,N.K. Jemisin,English,Fiction,Fantasy,404,0,2014
The King ,Black Dagger Brotherhood,12,J.R. Ward,English,Fiction,Paranormal Romance,591,0,2015
The Lake of Souls,Cirque Du Freak,10,Darren Shan,English,Fiction,Young Adult,265,0,0
The Last One,Daughters of the Moon,6,Lynne Ewing,English,Fiction,Young Adult,274,0,0
The Little Lady Agency,Little Lady,1,Hester Browne,English,Fiction,Chick Lit,376,2006,0
The Little Lady Agency and the Prince,Little Lady,3,Hester Browne,English,Fiction,Chick Lit,391,0,0
The Lonely Hearts Hotel ,0,0, Heather O’Neill,English,Fiction,Contemporary,391,0,2017
The Lost City of Faar,Pendragon,2,D.J. MacHale,English,Fiction,Young Adult,384,0,0
The Lover,0,0,Marguerite Duras,English,Fiction,Classic,117,0,2015
The Lust Lizard of Melancholy Cove,0,0,Christopher Moore,English,Fiction,Fantasy,304,0,0
The Magicians,0,0,Lev Grossman,English,Fiction,Fantasy,402,0,2011
The Merchant of Death,Pendragon,1,D.J. MacHale,English,Fiction,Young Adult,374,0,0
The Museum of Extraordinary Things,0,0,Alice Hoffman,English,Fiction,Fantasy,368,0,2014
The Nerd Who Loved Me,0,0,Vicki Lewis Thompson,English,Fiction,Romance,404,0,0
The Never War,Pendragon,3,D.J. MacHale,English,Fiction,Young Adult,336,0,0
The Night Circus,0,0,Erin Morgenstern,English,Fiction,Fantasy,386,0,2012
The Notebook,0,0,Nicholas Sparks,English,Fiction,Contemporary,207,0,0
The Obelisk Gate ,The Broken Earth,2, N.K. Jemisin,English,Fiction,Science Fiction,410,0,2017
The Outlaw Demon Wails,The Hollows,6,Kim Harrison,English,Fiction,Fantasy,455,0,0
The Outsiders,0,0,S.E. Hinton,English,Fiction,Fiction,188,0,0
The Picture of Dorian Gray,0,0,Oscar Wilde,English,Fiction,Classic,190,1890,0
The Playboy,Chandler Boys,2,Carly Phillips,English,Fiction,Romance,330,0,0
The Poisoner's Handbook,0,0,Deborah Blum ,English,Non-Fiction,True Crime,319,0,2012
The Proof of the Honey,0,0,Salwa Al Neimi,English,Fiction,Erotica,160,0,2015
The Prophesy,Daughters of the Moon,11,Lynne Ewing,English,Fiction,Young Adult,273,0,0
The Purple Emperor ,Faerie Wars,2,Herbie Brennan,English,Fiction,Young Adult,424,2004,0
The Ravishing of Lol V. Stein,0,0,Marguerite Duras,English,Fiction,Classic,181,0,2015
The Reader,0,0,Bernard Schlink,English,Fiction,Historical Fiction,218,0,0
The Reading Group,0,0,Elizabeth Noble,English,Fiction,Fiction,429,0,0
The Return of the King,Lord of the Rings,2, J.R.R Tolkien ,English,Fiction,Science Fiction,410,0,2012
The Rise & Fall of a 10th Grade Social Climber,0,0,Lauren Mechling,English,Fiction,Young Adult,290,0,0
The Ropemaker,0,0,Peter Dickinson,English,Fiction,Fantasy,375,0,0
The Sacrifice,Daughters of the Moon,5,Lynne Ewing,English,Fiction,Young Adult,269,0,0
The Salinger Contract,0,0,Adam Langer,English,Fiction,Contemporary,269,0,2014
The Sandman,0,0,Neil Gaiman,English,Fiction,Graphic Novel,42,0,2013
"The Scot, the Witch, and the Wardrobe",0,0,Annette Blair,English,Fiction,Paranormal Romance,269,2006,0
The Second Assistant,0,0,Clare Naylon,English,Fiction,Chick Lit,357,0,0
The Second Summer of the Sisterhood,Traveling Pants,2,Ann Brashares,English,Fiction,Young Adult,373,2003,0
The Secret Lover,0,0,Julia London,English,Fiction,Historical Romance,387,0,0
The Secret Scroll,Daughters of the Moon,4,Lynne Ewing,English,Fiction,Young Adult,268,0,0
The Seven Dials Mystery,0,0, Agatha Christie,English,Fiction,Mystery,270,0,2013
The Shadow of the Wind,0,0,Carlos Ruiz Zafón,English,Fiction,Mystery,487,0,0
The Shadowed Sun,The Dreamblood,2,N.K. Jemisin,English,Fiction,Fantasy,494,0,2014
The Shadows ,Black Dagger Brotherhood,13,J.R. Ward,English,Fiction,Paranormal Romance,590,0,2015
The Sign of Four,Sherlock Holmes,0,Sir Arthur Conan Doyle,English,Fiction,Mystery,129,0,2013
The Sinister Sweetness of Splendid Academy,0,0,Nikki Loftin,English,Fiction,Young Adult,305,0,2013
The Sisterhood of the Traveling Pants,Traveling Pants,1,Ann Brashares,English,Fiction,Young Adult,290,2001,0
The Snow Child,0,0,Eowyn Ivey,English,Fiction,Contemporary,0,0,2015
The Solitude of Prime Numbers,0,0,Paolo Giordano,English,Fiction,Contemporary,271,0,2011
The Stone Sky ,The Broken Earth,3, N.K. Jemisin,English,Fiction,Science Fiction,416,0,2017
The Stupidest Angel,0,0,Christopher Moore,English,Fiction,Fantasy,306,0,0
The Sun Also Rises,0,0,Ernest Hemingway,English,Fiction,Classic,251,1926,2011
The Supernaturalist,0,0,Eoin Colfer,English,Fiction,Young Adult,267,0,0
The Sweetness at the Bottom of the Pie,Flavia de Luce Mystery,1,Alan Bradley,English,Fiction,Mystery,370,2009,0
The Talisman,Daughters of the Moon,10,Lynne Ewing,English,Fiction,Young Adult,278,0,0
The Taming of the Shrew,0,0,William Shakespeare,English,Fiction,Drama,109,0,2011
The Thirteen Problems,0,0,Agatha Christie,English,Fiction,Mystery,215,0,0
The Troop ,0,0, Nick Cutter,English,Fiction,Horror,368,0,2017
The Trouble With Valentine's Day,0,0,Rachel Gibson,English,Fiction,Romance,352,0,0
The Truth About Forever,0,0,Sarah Dessen,English,Fiction,Young Adult,374,0,0
The Turn of the Key ,0,0, Ruth Ware,English,Fiction,Mystery,337,0,2019
The Two Princesses of Bamarre,0,0,Gail Carson Levine,English,Fiction,Young Adult,241,0,0
The Two Towers,Lord of the Rings,3, J.R.R Tolkien ,English,Fiction,Science Fiction,402,0,2012
The Undead Pool,The Hollows,12,Kim Harrison,English,Fiction,Fantasy,423,0,0
The Unnatural Inquirer,Nightside,8,Simon R. Green,English,Fiction,Fantasy,246,0,0
The Vacationers,0,0,Emma Straub,English,Fiction,Fiction ,292,0,2014
The Vagina Monologues,0,0,Eve Ensler,English,Non-Fiction,Essays,166,0,2011
The Vampire Assistant,Cirque Du Freak,2,Darren Shan,English,Fiction,Young Adult,241,0,0
The Vampire Prince,Cirque Du Freak,6,Darren Shan,English,Fiction,Young Adult,197,0,0
The Vampire Who Loved Me,0,0,Teresa Medeiros,English,Fiction,Paranormal Romance,373,0,0
The War of Art,0,0,Steven Pressfield,English,Non-Fiction,Psychology,165,0,2012
The Waste Lands,Dark Tower,3,Stephen King,English,Fiction,Science Fiction,588,0,0
The Weed That Strings the Hangman's Bag,Flavia de Luce Mystery,2,Alan Bradley,English,Fiction,Mystery,358,2010,0
The Well of Lost Plots,Thursday Next,3,Jasper Fforde,English,Fiction,Fantasy,373,0,2011
The WhiteTiger,0,0,Aravind Adiga,English,Fiction,Contemporary,276,2008,2011
The Wish List,0,0,Eoin Colfer,English,Fiction,Young Adult,252,0,0
The Witch With No Name ,The Hollows,13,Kim Harrison,English,Fiction,Fantasy,462,0,2016
The Wives of Los Alamos,0,0,TaraShea Nesbit,English,Non-Fiction,Historical Fiction,240,0,2015
The Wizards Dilemma,Young Wizards,5,Diane Duane,English,Fiction,Young Adult,403,0,0
The Woman Who Died A Lot,Thursday Next,7,Jasper Fforde,English,Fiction,Fantasy,366,0,2013
The Year of the Secret Assignments,0,0,Jaclyn Moriarty,English,Fiction,Young Adult,340,0,0
Then He Ate My Boy Entrancers,Georgia Nicolson,6,Louise Renninson,English,Fiction,Young Adult,300,0,0
There's Something About Christmas,0,0,Debbie Macomber,English,Fiction,Chick Lit,284,0,0
Thirsty ,0,0,M.T. Anderson,English,Fiction,Young Adult,249,1997,0
This Lullaby,0,0,Sarah Dessen,English,Fiction,Young Adult,345,0,0
This Sorrowful Life,The Walking Dead,6,Robert Kirkman,English,Fiction,Graphic Novel,144,0,2012
Thwonk,0,0,Joan Bauer,English,Fiction,Young Adult,215,1995,0
Tiny Ladies in Shiny Pants,0,0,Jill Soloway,English,Fiction,Biography,248,0,0
Tithe,0,0,Holly Black,English,Fiction,Young Adult,331,2002,0
Too Like the Lightning ,Terra Ignota,0, Ada Palmer,English,Fiction,Science Fiction,432,0,2017
Tortilla Flat,0,0, John Steinbeck ,English,Fiction,Classic,256,0,2011
Totally Joe,0,0,James Howe,English,Fiction,Young Adult,189,0,0
Touch of Darkness,Darkness Chosen,2,Christina Dodd,English,Fiction,Paranormal Romance,378,0,0
Tratado de Medicina Natural para Hombres Melancólicos,0,0,Mayra Santos-Febres,Spanish,Fiction,Essays,124,0,2011
Trials of Death,Cirque Du Freak,5,Darren Shan,English,Fiction,Young Adult,207,0,0
Trickster' Queen,Tricksters,2,Tamora Pierce,English,Fiction,Young Adult,444,0,0
Trickster's Choice,Tricksters,1,Tamora Pierce,English,Fiction,Young Adult,403,0,0
Tristán e Iseo,0,0,Anónimo,Spanish,Fiction,Classic,233,0,2012
Trouble In High Heels,0,0,Christina Dodd,English,Fiction,Thriller,381,0,0
True Teamwork,Tuned In,3,Julia DeVillers,English,Fiction,Young Adult,139,0,0
Truly Madly Yours,0,0,Rachel Gibson,English,Fiction,Romance,372,0,0
ttfn,ttyl,2,Lauren Myracle,English,Fiction,Young Adult,229,0,0
ttyl,ttyl,1,Lauren Myracle,English,Fiction,Young Adult,209,0,0
Tunnels of Blood,Cirque Du Freak,3,Darren Shan,English,Fiction,Young Adult,224,0,0
Twilight,Twilight,1,Stephenie Meyer,English,Fiction,Young Adult,498,0,0
Twilight,The Mediator,6,Meg Cabot,English,Fiction,Young Adult,245,0,0
Unbridled Rage,0,0,Gene O'Shea,English,Fiction,True Crime,321,0,0
Undead and Unappreciated,Betsy The Vampire Queen,3,Mary Janice Davidson,English,Fiction,Paranormal Romance,271,0,0
Undead and Uneasy,Betsy The Vampire Queen,6,Mary Janice Davidson,English,Fiction,Paranormal Romance,258,0,0
Undead and Unemployed,Betsy The Vampire Queen,2,Mary Janice Davidson,English,Fiction,Paranormal Romance,272,0,0
Undead and Unpopular,Betsy The Vampire Queen,5,Mary Janice Davidson,English,Fiction,Paranormal Romance,269,0,0
Undead and Unreturnable,Betsy The Vampire Queen,4,Mary Janice Davidson,English,Fiction,Paranormal Romance,250,0,0
Undead and Unwed,Betsy The Vampire Queen,1,Mary Janice Davidson,English,Fiction,Paranormal Romance,255,0,0
Under the Banner of Heaven,0,0,Jon Krakauer,English,Non-Fiction,True Crime,399,0,2015
Under the Dome,0,0,Stephen King,English,Fiction,Horror,1072,0,0
Underground,0,0, Haruki Murakami ,English,Fiction,True Crime,366,0,2012
Unholy Messenger: The Life and Crimes of the BTK Serial Killer,0,0,Stephen Singular,English,Non-Fiction,True Crime,287,0,0
Unleash the Night,Dark Hunter,9,Sherrilyn Kenyon,English,Fiction,Paranormal Romance,334,0,0
Upon The Midnight Clear,Dark Hunter,13,Sherrilyn Kenyon,English,Fiction,Paranormal Romance,248,0,0
Vampire Kisses,Vampire Kisses,1,Ellen Schreiber,English,Fiction,Young Adult,197,0,0
Vampire Mountain,Cirque Du Freak,4,Darren Shan,English,Fiction,Young Adult,195,0,0
"Vampire, Interrupted",Argeneu Novel,0,Lynsay Sands,English,Fiction,Paranormal Romance,370,0,0
Vampires Are Forever,Argeneu Novel,0,Lynsay Sands,English,Fiction,Paranormal Romance,361,0,0
Vampireville,Vampire Kisses,3,Ellen Schreiber,English,Fiction,Young Adult,176,0,0
Vegan Virgin Valentine,0,0,Carolyn Mackler,English,Fiction,Fiction,228,0,0
Vejigantes,0,0,Francisco Arriví,Spanish,Fiction,Drama,126,1973,0
Velocity,0,0,Dean Koontz,English,Fiction,Thriller,397,0,0
Venus in Furs,0,0,Leopold von Sacher Masoch,English,Fiction,Classic,160,0,2013
Veronika decide morir,0,0,Paulo Coelho,Spanish,Fiction,Contemporary,221,0,0
Violet & Claire,0,0,Francesca Lia Block,English,Fiction,Young Adult,169,1999,0
Vision Quest,0,0,Terry Davis,English,Fiction,Young Adult,239,0,0
Vivir del cuento,0,0,Shara Lávender,Spanish,Fiction,Short stories,137,0,0
Wailing Ghosts,0,0, Pu Songling,English,Fiction,Horror,0,0,2015
Waking Gods ,Themis Files,2, Sylvain Neuvel,English,Fiction,Science Fiction,336,0,2017
Warm Bodies,0,0, Isaac Marion ,English,Fiction,Science Fiction,256,0,2013
Water For Elephants,0,0,Sara Gruen,English,Fiction,Contemporary,331,0,0
Watermelon,0,0,Marian Keyes,English,Fiction,Chick Lit,417,0,0
Ways To Be Wicked ,0,0,Julie Anne Long,English,Fiction,Historical Romance,350,0,0
We Thought You Would Be Prettier,0,0,Laurie Notaro,English,Non-Fiction,Biography,220,0,0
What I'd Say To The Martians,0,0,Jack Handey,English,Non-Fiction,Essays,170,0,0
What Men Want,0,0,Deborah Blumenthal,English,Fiction,Fiction,296,2006,0
What We See When We Read,0,0,Peter Mendelsund,English,Non-Fiction,Psychology,425,0,2014
"White Witch, Black Curse",The Hollows,7,Kim Harrison,English,Fiction,Fantasy,549,0,2016
Who's Afraid Of Virginia Woolf?,0,0,Edward Albee,English,Fiction,Drama,257,1962,0
Wicked:The Life And Times Of The Wicked Witch Of The West,0,0,Gregory Maguire,English,Fiction,Contemporary,406,0,0
Wife For A Day,0,0,Patti Berg,English,Fiction,Romance,376,1999,0
With or Without You,0,0,Carole Matthews,English,Fiction,Romance,380,0,0
Wizard and Glass,Dark Tower,4,Stephen King,English,Fiction,Science Fiction,694,0,0
Wizards Holiday,Young Wizards,7,Diane Duane,English,Fiction,Young Adult,416,0,0
Wolf Queen,The Claidi Journals,3,Tanith Lee,English,Fiction,Young Adult,216,0,0
Wolf Star,The Claidi Journals,2,Tanith Lee,English,Fiction,Young Adult,232,0,0
Wolf Tower,The Claidi Journals,1,Tanith Lee,English,Fiction,Young Adult,223,0,0
Wolf Wing,The Claidi Journals,4,Tanith Lee,English,Fiction,Young Adult,229,0,0
Wolves and the Calla,Dark Tower,5,Stephen King,English,Fiction,Science Fiction,924,0,0
World War Z,0,0, Max Brooks,English,Fiction,Horror,342,0,2013
Would I Lie To You,Gossip Girl,10,Cecily von Ziegesar,English,Fiction,Young Adult,192,0,0
Writing ,0,0, Marguerite Duras,English,Non-Fiction,Writing,91,0,2015
Wuthering Heights,0,0,Emily Brontë,English,Fiction,Classic,344,1847,0
Y: The Last Man - Deluxe Edition #1-#2,Y: The Last Man,1, Brian K. Vaughan,English,Fiction,Graphic Novel,256,0,2012
Y: The Last Man - Deluxe Edition #3-#4,Y: The Last Man,2, Brian K. Vaughan,English,Fiction,Graphic Novel,320,0,2012
Y: The Last Man - Deluxe Edition #5-#6,Y: The Last Man,3, Brian K. Vaughan,English,Fiction,Graphic Novel,320,0,2013
Y: The Last Man - Deluxe Edition #7-#8,Y: The Last Man,4, Brian K. Vaughan,English,Fiction,Graphic Novel,296,0,2013
Yo maté a Sherezade,0,0,Joumana Haddad,Spanish,Non-Fiction,Biography,142,0,2012
You Know You Love Me,Gossip Girl,2,Cecily von Ziegesar,English,Fiction,Young Adult,225,0,0
You Slay Me,Green Dragons novel,1,Katie MacAlister,English,Fiction,Paranormal Romance,334,0,0
You Suck,A Love Story,2,Christopher Moore,English,Fiction,Fantasy,328,0,0
"You, Maybe",0,0,Rachel Vail,English,Fiction,Young Adult,199,0,0
You're the One That I Want,Gossip Girl,6,Cecily von Ziegesar,English,Fiction,Young Adult,227,0,0
Your Coffin Or Mine?,Vampire Love,3,Kimberly Raye,English,Fiction,Paranormal Romance,306,0,0